ticker,headline,timestamp
GENERAL,"Stock market today: S&P 500 and Nasdaq rise, Dow falls in countdown to Nvidia earnings",2026-05-19T22:27:57Z
GENERAL,"TJX Q1 FY2027 earnings beat, raises annual forecast",2026-05-20T13:40:50Z
TYL,Here’s Why TCW Concentrated Large Cap Growth Fund Chose to Exit Tyler Technologies (TYL),2026-05-20T13:32:18Z
MCK,What Makes McKesson Corporation (MCK) an Attractive Bet?,2026-05-20T13:26:35Z
GENERAL,Private credit spreads in spotlight on both sides of Atlantic as market dynamics shift,2026-05-20T13:25:10Z
GENERAL,Acquisitive pet-food group Nutriment swoops again in Germany,2026-05-20T13:40:37Z
ETN,Here’s Why TCW Concentrated Large Cap Growth Fund Maintains Conviction in Eaton Corporation plc (ETN),2026-05-20T13:23:47Z
GENERAL,Elon Musk’s Terafab Could Ultimately Cost $119 Billion — Why That Might Be Money Well Spent,2026-05-20T13:33:00Z
GENERAL,"CAVA raises 2026 outlook after strong Q1 report, shares pop",2026-05-20T13:23:00Z
GENERAL,Wall Street Holds Its Breath: Can Nvidia Possibly Meet the Sky-High Expectations?,2026-05-20T13:22:22Z
GENERAL,"Stock market today: Dow, S&P 500, Nasdaq rise in countdown to Nvidia earnings",2026-05-19T22:27:57Z
GENERAL,Google I/O: Alphabet Flexes Muscles In AI Model Pricing Vs. Rivals,2026-05-20T13:26:17Z
GENERAL,Nvidia Stock Rises Ahead Of Fiscal Q1 Report (Live Coverage),2026-05-20T13:21:01Z
GENERAL,Analog Devices acquires Empower Semiconductor for $1.5B,2026-05-20T13:20:52Z
GENERAL,CAVA Q1 2026 earnings beat as traffic growth lifts outlook,2026-05-20T13:17:58Z
GENERAL,“People still want to indulge” – Toms Group CEO Annette Zeipel surveys GLP-1 wave as confectionery grapples with cocoa volatility,2026-05-20T13:26:09Z
ASML,ASML Holding N.V. (ASML) Rallied Following Solid Results,2026-05-20T13:20:57Z
BSX,Boston Scientific Corporation (BSX) Fell Due to Weak Results,2026-05-20T13:19:23Z
NOW,TCW Concentrated Large Cap Growth Fund Maintains a Constructive View on ServiceNow (NOW),2026-05-20T13:14:42Z
GENERAL,Billionaire Block founder Jack Dorsey suggests radically reshaping manager roles in the age of AI,2026-05-20T13:12:19Z
GENERAL,Daily Spotlight: Oil Prices: Higher for Longer,2026-05-20T11:26:13Z
GENERAL,Why Boeing Has the Most to Lose If Tesla and SpaceX Ever Combine,2026-05-20T13:20:57Z
GENERAL,Bitcoin Struggles As Bond Yields Rise,2026-05-20T13:12:00Z
GENERAL,"Chipmaker Analog Devices Tops Quarterly Estimates, Raises Outlook",2026-05-20T13:09:03Z
QCOM,Does Qualcomm (QCOM) Have the Flexibility to Capitalize on AI Opportunities?,2026-05-20T13:07:20Z
GENERAL,Target Skids Despite Beat-And-Raise Report. Walmart Earnings Due.,2026-05-20T13:06:31Z
GENERAL,Technical Assessment: Bullish in the Intermediate-Term,2026-05-20T11:24:24Z
GENERAL,The Big Question You Need to Ask Yourself Before Buying Oklo Stock,2026-05-20T13:20:00Z
GENERAL,"Stock market today: Dow, S&P 500, Nasdaq futures rise in countdown to Nvidia earnings",2026-05-19T22:27:57Z
MRVL,Do You Believe in the Upside Potential of Marvell Technology (MRVL)?,2026-05-20T13:05:28Z
GENERAL,"Exclusive-Intuit to cut 17% of global jobs to streamline operations, memo shows",2026-05-20T13:04:24Z
GENERAL,"One-Of-A-Kind LNG Stock Eyes Buy Point On Earnings, Expansion",2026-05-20T13:04:04Z
GENERAL,Analyst Report: Uber Technologies Inc,2026-05-20T11:05:22Z
GENERAL,"The Best Trillion-Dollar Stock to Buy Now, According to Wall Street Analysts",2026-05-20T13:20:00Z
EQT,Sound Shore Fund Continues to Maintain Confidence in EQT (EQT),2026-05-20T13:03:40Z
GENERAL,"Earnings live updates: Target stock rises as the retailer looks to reclaim its 'Tarjay' moniker, Nvidia earnings loom",2026-05-18T11:54:13Z
GENERAL,"AI shift forces skills rethink at India tech hubs, Kimberly-Clark executive says",2026-05-20T13:02:13Z
BP,Sound Shore Fund Views BP plc (BP) as a Valuable Stock Beyond War-Driven Oil Spike,2026-05-20T13:00:55Z
GENERAL,"Market Digest: NJR, PRGO, WWW, UBER",2026-05-20T10:50:22Z
GENERAL,"At 56 With $2.1 Million Saved and a Stressful CFO Job, the Math Tilts Hard Toward Quitting Now",2026-05-20T13:16:18Z
GENERAL,When will gas prices go down? Brace for 'most volatile summer at the pump in years.',2026-04-14T15:45:06Z
DIS,Geopolitical Tensions Hurt The Walt Disney Company (DIS) in Q1,2026-05-20T12:57:53Z
LUV,Here’s What Weighed on Southwest Airlines Co. (LUV) Shares in Q1,2026-05-20T12:54:20Z
GENERAL,Stock Market Today: Dow Rises Ahead Of Fed Minutes; Nvidia Shares Rally With Earnings Due (Live Coverage),2026-05-20T12:46:28Z
GENERAL,Daily – Vickers Top Insider Picks for 05/20/2026,2026-05-20T10:37:29Z
GENERAL,PDBC’s $0.51 Payout Masks the Real Story: 42% Annual Returns,2026-05-20T13:15:06Z
SRPT,Why Elevidys Matters For Sarepta Therapeutics Inc (SRPT) Stock,2026-05-20T12:36:55Z
QURE,Considering Uniqure NV (QURE) Stock? Read the AMT-130 Message,2026-05-20T12:36:48Z
MGTX,Can MeiraGTx Holdings PLC (MGTX) Stock Double? Cash Runway Offers a Hint,2026-05-20T12:36:23Z
SLDB,Where Will Solid Biosciences Inc (SLDB) Stock Be in the Next 12 Months?,2026-05-20T12:36:16Z
GENERAL,Daily – Vickers Top Buyers & Sellers for 05/20/2026,2026-05-20T10:37:29Z
GENERAL,Goldman Sachs to lead SpaceX IPO as lead-left underwriter,2026-05-20T13:12:39Z
FDMT,4D Molecular Therapeutics Inc (FDMT): Gene Therapy Stock Made for You?,2026-05-20T12:36:07Z
PASG,Passage Bio Inc (PASG) Stock: Should You Buy the Dip For 125% Upside?,2026-05-20T12:35:59Z
VYGR,What Voyager Therapeutics Inc (VYGR) Has Gained on Its Therapy Programs,2026-05-20T12:35:51Z
RGNX,"Before Buying Regenxbio Inc (RGNX) Stock, Check Out the Cash Runway",2026-05-20T12:35:43Z
GENERAL,2 High-Growth Stocks Under $20 That Make for Screaming Buys Right Now,2026-05-20T13:12:32Z
RCKT,Rocket Pharmaceuticals Inc (RCKT) Got Cash. Where’s the Stock Going?,2026-05-20T12:35:35Z
EVTC,EVERTEC (EVTC) Posts an 8% Revenue Growth With Latin America Leading the Charge,2026-05-20T12:35:25Z
GTM,Mizuho Just Slashed ZoomInfo (GTM) to Underperform. Is It Still a Software Stock Worth Buying?,2026-05-20T12:35:13Z
DFIN,Donnelley Financial (DFIN) Launches a $150 Million Buyback as Its Software Revenue Climbs,2026-05-20T12:34:58Z
GENERAL,"Can Crypto Become Part of Mortgages, Loans, and Everyday Credit?",2026-05-20T13:08:49Z
IDN,Intellicheck (IDN) Flips From a Net Loss to Profit on Record SaaS Revenue,2026-05-20T12:34:46Z
